{"objective": "binary:logistic", "eval_metric": "logloss", "random_state": 42, "colsample_bytree": 0.6014182654566652, "gamma": 0.1789787870396608, "learning_rate": 0.23625471262619097, "max_depth": 4, "n_estimators": 100}